{
	"providers": [
		{
			"type": "unihex",
			"hex_file": "minecraft:font/hangul.zip",
			"size_overrides": [
				{
					"from": "\u1100",
					"to": "\u1112",
					"left": 1,
					"right": 15
				},
				{
					"from": "\u1161",
					"to": "\u1175",
					"left": 1,
					"right": 15
				},
				{
					"from": "\u11a8",
					"to": "\u11c2",
					"left": 1,
					"right": 15
				},
				{
					"from": "\u3131",
					"to": "\u3163",
					"left": 1,
					"right": 15
				},
				{
					"from": "\uac00",
					"to": "\ud7a3",
					"left": 1,
					"right": 15
				}
			]
		}
	]
}