{
  "enabled": true,
  "group": {
    "break": {
      "sound_id": "minecraft:block.tuff.break"
    },
    "fall": {
      "sound_id": "minecraft:block.tuff.fall"
    },
    "hit": {
      "sound_id": "minecraft:block.tuff.hit"
    },
    "pitch": 1.0,
    "place": {
      "sound_id": "minecraft:block.tuff.place"
    },
    "step": {
      "sound_id": "sounds:block.sandstone.step"
    },
    "volume": 1.0
  },
  "keys": [
    "diagonalwalls:minecraft/red_sandstone_wall",
    "diagonalwalls:minecraft/sandstone_wall"
  ]
}