{
  "enabled": true,
  "group": {
    "break": {
      "sound_id": "sounds:block.cobblestone.break"
    },
    "fall": {
      "sound_id": "sounds:block.stone_bricks.fall"
    },
    "hit": {
      "sound_id": "sounds:block.stone_bricks.hit"
    },
    "pitch": 1.0,
    "place": {
      "sound_id": "minecraft:block.deepslate_bricks.place"
    },
    "step": {
      "sound_id": "sounds:block.stone_bricks.step"
    },
    "volume": 1.0
  },
  "keys": [
    "diagonalwalls:minecraft/stone_brick_wall"
  ]
}