{
	"ambientocclusion": false,
	"textures": {
		"particle": "block/cauldron_side",
		"side": "block/cauldron_side",
		"top": "block/cauldron_top",
		"inside": "block/cauldron_inner",
		"wall": "block/extra/cauldron_wall"
	},
	"elements": [
		{
			"from": [2, 2, 5],
			"to": [10, 3, 13],
			"rotation": {"angle": 45, "axis": "y", "origin": [6, 0, 9]},
			"faces": {
				"north": {"uv": [0, 10, 16, 12], "texture": "#side"},
				"east": {"uv": [0, 10, 16, 12], "texture": "#side"},
				"south": {"uv": [0, 10, 16, 12], "texture": "#side"},
				"west": {"uv": [0, 10, 16, 12], "texture": "#side"},
				"up": {"uv": [2, 2, 14, 14], "texture": "#inside"},
				"down": {"uv": [2, 2, 14, 14], "texture": "#inside"}
			}
		},
		{
			"from": [2, 3, 5],
			"to": [10, 8, 5.5],
			"rotation": {"angle": 45, "axis": "y", "origin": [6, 0, 9]},
			"faces": {
				"north": {"uv": [0, 0, 16, 10], "texture": "#side"},
				"east": {"uv": [15, 0, 16, 10], "texture": "#side"},
				"south": {"uv": [1, 0, 15, 10], "texture": "#wall"},
				"west": {"uv": [0, 0, 1, 10], "texture": "#side"},
				"up": {"uv": [0, 0, 16, 1], "texture": "#top"}
			}
		},
		{
			"from": [2, 3, 12.5],
			"to": [10, 8, 13],
			"rotation": {"angle": 45, "axis": "y", "origin": [6, 0, 9]},
			"faces": {
				"north": {"uv": [1, 0, 15, 10], "texture": "#wall"},
				"east": {"uv": [0, 0, 1, 10], "texture": "#side"},
				"south": {"uv": [0, 0, 16, 10], "texture": "#side"},
				"west": {"uv": [15, 0, 16, 10], "texture": "#side"},
				"up": {"uv": [0, 15, 16, 16], "texture": "#top"}
			}
		},
		{
			"from": [2, 3, 5.5],
			"to": [2.5, 8, 12.5],
			"rotation": {"angle": 45, "axis": "y", "origin": [6, 0, 9]},
			"faces": {
				"east": {"uv": [2, 0, 14, 10], "texture": "#wall"},
				"west": {"uv": [1, 0, 15, 10], "texture": "#side"},
				"up": {"uv": [0, 1, 1, 15], "texture": "#top"}
			}
		},
		{
			"from": [9.5, 3, 5.5],
			"to": [10, 8, 12.5],
			"rotation": {"angle": 45, "axis": "y", "origin": [6, 0, 9]},
			"faces": {
				"east": {"uv": [1, 0, 15, 10], "texture": "#side"},
				"west": {"uv": [2, 0, 14, 10], "texture": "#wall"},
				"up": {"uv": [15, 1, 16, 15], "texture": "#top"}
			}
		},
		{
			"from": [1, 0, 9],
			"to": [11, 2, 9],
			"rotation": {"angle": 0, "axis": "y", "origin": [6, 0, 9]},
			"faces": {
				"north": {"uv": [14, 13, 2, 16], "texture": "#side"},
				"south": {"uv": [2, 13, 14, 16], "texture": "#side"}
			}
		},
		{
			"from": [6, 0, 4],
			"to": [6, 2, 14],
			"rotation": {"angle": 0, "axis": "y", "origin": [6, 0, 9]},
			"faces": {
				"east": {"uv": [2, 13, 14, 16], "texture": "#side"},
				"west": {"uv": [14, 13, 2, 16], "texture": "#side"}
			}
		}
	],
	"groups": [
		{
			"name": "group",
			"origin": [8, 0, 8],
			"color": 0,
			"children": [0, 1, 2, 3, 4, 5, 6]
		}
	]
}