{
	"ambientocclusion": false,
	"textures": {
		"top": "block/spruce_log_top",
		"particle": "block/acacia_log",
		"side": "block/acacia_log"
	},
	"elements": [
		{
			"from": [3, 3, -7],
			"to": [8, 5, 11],
			"rotation": {"angle": 0, "axis": "y", "origin": [8, -1, 8]},
			"faces": {
				"north": {"uv": [7, 0, 16, 2], "texture": "#top"},
				"east": {"uv": [0, 0, 2, 9], "rotation": 90, "texture": "#side"},
				"west": {"uv": [14, 0, 16, 9], "rotation": 270, "texture": "#side"},
				"up": {"uv": [4, 0, 9, 9], "texture": "#side"},
				"down": {"uv": [4, 7, 9, 16], "texture": "#side"}
			}
		},
		{
			"from": [3.001, 3, 11],
			"to": [8.001, 5, 19],
			"rotation": {"angle": -22.5, "axis": "x", "origin": [6, 3, 11]},
			"faces": {
				"east": {"uv": [0, 8, 2, 12], "rotation": 90, "texture": "#side"},
				"south": {"uv": [0, 0, 9, 2], "texture": "#top"},
				"west": {"uv": [14, 8, 16, 12], "rotation": 270, "texture": "#side"},
				"up": {"uv": [4, 8, 9, 12], "texture": "#side"},
				"down": {"uv": [4, 3, 9, 7], "texture": "#side"}
			}
		},
		{
			"from": [8, 3, -6],
			"to": [11, 5, 2],
			"rotation": {"angle": 0, "axis": "y", "origin": [8, -1, 8]},
			"faces": {
				"north": {"uv": [0, 0, 7, 2], "texture": "#top"},
				"east": {"uv": [0, 1, 2, 5], "rotation": 90, "texture": "#side"},
				"south": {"uv": [9, 0, 16, 2], "texture": "#top"},
				"up": {"uv": [9, 1, 12, 5], "texture": "#side"},
				"down": {"uv": [9, 12, 12, 16], "texture": "#side"}
			}
		},
		{
			"from": [8, 3, 8],
			"to": [11, 5, 16],
			"rotation": {"angle": 0, "axis": "y", "origin": [8, -1, 8]},
			"faces": {
				"north": {"uv": [0, 0, 7, 2], "texture": "#top"},
				"east": {"uv": [0, 7, 2, 11], "rotation": 90, "texture": "#side"},
				"south": {"uv": [9, 0, 16, 2], "texture": "#top"},
				"west": {"uv": [14, 7, 16, 11], "rotation": 270, "texture": "#side"},
				"up": {"uv": [9, 7, 12, 11], "texture": "#side"},
				"down": {"uv": [9, 5, 12, 9], "texture": "#side"}
			}
		},
		{
			"from": [1, 1, -3],
			"to": [3, 3, 21],
			"rotation": {"angle": 0, "axis": "y", "origin": [8, -1, 8]},
			"faces": {
				"north": {"uv": [14, 0, 16, 4], "texture": "#top"},
				"east": {"uv": [5, 4, 8, 16], "rotation": 90, "texture": "#side"},
				"south": {"uv": [0, 0, 2, 4], "texture": "#top"},
				"west": {"uv": [11, 2, 14, 14], "rotation": 270, "texture": "#side"},
				"up": {"uv": [2, 2, 4, 14], "texture": "#side"},
				"down": {"uv": [14, 2, 16, 14], "rotation": 180, "texture": "#side"}
			}
		},
		{
			"from": [1, -1, -7],
			"to": [3, 1, 19],
			"rotation": {"angle": 0, "axis": "y", "origin": [8, -1, 8]},
			"faces": {
				"north": {"uv": [14, 4, 16, 8], "texture": "#top"},
				"east": {"uv": [8, 2, 11, 15], "rotation": 90, "texture": "#side"},
				"south": {"uv": [0, 4, 2, 8], "texture": "#top"},
				"west": {"uv": [8, 0, 11, 13], "rotation": 270, "texture": "#side"},
				"up": {"uv": [2, 0, 4, 13], "texture": "#side"},
				"down": {"uv": [14, 0, 16, 13], "rotation": 180, "texture": "#side"}
			}
		},
		{
			"from": [11, -1, -4],
			"to": [13, 3, 20],
			"rotation": {"angle": 0, "axis": "y", "origin": [8, -1, 8]},
			"faces": {
				"north": {"uv": [0, 0, 2, 8], "texture": "#top"},
				"east": {"uv": [2, 2, 6, 14], "rotation": 90, "texture": "#side"},
				"south": {"uv": [14, 0, 16, 8], "texture": "#top"},
				"west": {"uv": [7, 3, 11, 15], "rotation": 270, "texture": "#side"},
				"up": {"uv": [12, 2, 14, 14], "texture": "#side"},
				"down": {"uv": [0, 2, 2, 14], "rotation": 180, "texture": "#side"}
			}
		}
	]
}