{
	"ambientocclusion": false,
	"textures": {
		"top": "block/spruce_log_top",
		"particle": "block/spruce_log",
		"side": "block/spruce_log"
	},
	"elements": [
		{
			"from": [6, 4, -5],
			"to": [14, 6, 23],
			"rotation": {"angle": 22.5, "axis": "y", "origin": [10, -1, 9]},
			"faces": {
				"north": {"uv": [0, 0, 16, 2], "texture": "#top"},
				"east": {"uv": [0, 1, 2, 15], "rotation": 90, "texture": "#side"},
				"south": {"uv": [0, 0, 16, 2], "texture": "#top"},
				"west": {"uv": [14, 1, 16, 15], "rotation": 270, "texture": "#side"},
				"up": {"uv": [4, 1, 12, 15], "texture": "#side"},
				"down": {"uv": [4, 1, 12, 15], "texture": "#side"}
			}
		},
		{
			"from": [4, -2, -7],
			"to": [6, 4, 21],
			"rotation": {"angle": 22.5, "axis": "y", "origin": [10, -1, 9]},
			"faces": {
				"north": {"uv": [14, 0, 16, 12], "texture": "#top"},
				"east": {"uv": [8, 0, 14, 14], "rotation": 90, "texture": "#side"},
				"south": {"uv": [0, 0, 2, 12], "texture": "#top"},
				"west": {"uv": [8, 0, 14, 14], "rotation": 270, "texture": "#side"},
				"up": {"uv": [0, 0, 2, 14], "texture": "#side"},
				"down": {"uv": [14, 0, 16, 14], "rotation": 180, "texture": "#side"}
			}
		},
		{
			"from": [14, -2, -6],
			"to": [16, 4, 26],
			"rotation": {"angle": 22.5, "axis": "y", "origin": [10, -1, 9]},
			"faces": {
				"north": {"uv": [0, 0, 2, 12], "texture": "#top"},
				"east": {"uv": [2, 0, 8, 16], "rotation": 90, "texture": "#side"},
				"south": {"uv": [14, 0, 16, 12], "texture": "#top"},
				"west": {"uv": [2, 0, 8, 16], "rotation": 270, "texture": "#side"},
				"up": {"uv": [14, 0, 16, 16], "texture": "#side"},
				"down": {"uv": [0, 0, 2, 16], "rotation": 180, "texture": "#side"}
			}
		}
	]
}