{
	"textures": {
		"particle": "block/mossy_stone_bricks",
		"wall": "block/mossy_stone_bricks",
		"top": "block/moss_block",
		"extra": "block/extra/moss_carpet_extra"
	},
	"elements": [
		{
			"name": "Center post",
			"from": [3.999, -0.001, 3.999],
			"to": [12.001, 16.001, 12.001],
			"faces": {
				"north": {"uv": [16, 0, 8, 16], "texture": "#wall"},
				"east": {"uv": [16, 0, 8, 16], "texture": "#wall"},
				"south": {"uv": [16, 0, 8, 16], "texture": "#wall"},
				"west": {"uv": [16, 0, 8, 16], "texture": "#wall"},
				"up": {"uv": [4, 4, 12, 12], "texture": "#top", "cullface": "up"},
				"down": {"uv": [8, 8, 16, 16], "texture": "#wall", "cullface": "down"}
			}
		},
		{
			"from": [3.99, 6, 3.99],
			"to": [12.01, 16, 12.01],
			"rotation": {"angle": 0, "axis": "y", "origin": [8, 0, 8]},
			"faces": {
				"north": {"uv": [0, 0, 8.02, 8], "texture": "#extra", "cullface": "up"},
				"east": {"uv": [8.02, 0, 0, 8], "texture": "#extra", "cullface": "up"},
				"south": {"uv": [16, 0, 7.98, 8], "texture": "#extra", "cullface": "up"},
				"west": {"uv": [7.98, 0, 16, 8], "texture": "#extra", "cullface": "up"}
			}
		}
	]
}