{
	"ambientocclusion": false,
	"textures": {
		"particle": "block/terracotta",
		"default": "block/terracotta",
		"pink": "block/pink_terracotta",
		"black": "block/black_terracotta"
	},
	"elements": [
		{
			"from": [9, 0, 7],
			"to": [13, 7, 11],
			"rotation": {"angle": 0, "axis": "y", "origin": [8, 0, 8]},
			"faces": {
				"north": {"uv": [8, 9, 12, 16], "texture": "#default"},
				"east": {"uv": [4, 9, 8, 16], "texture": "#default"},
				"south": {"uv": [0, 9, 4, 16], "texture": "#default"},
				"west": {"uv": [12, 9, 16, 16], "texture": "#default"},
				"up": {"uv": [6, 6, 10, 10], "texture": "#black"},
				"down": {"uv": [6, 6, 10, 10], "texture": "#default"}
			}
		},
		{
			"from": [8, 1, 6],
			"to": [14, 2, 12],
			"rotation": {"angle": 0, "axis": "y", "origin": [8, 0, 8]},
			"faces": {
				"north": {"uv": [1, 14, 7, 15], "texture": "#default"},
				"east": {"uv": [9, 14, 15, 15], "texture": "#default"},
				"south": {"uv": [1, 14, 7, 15], "texture": "#default"},
				"west": {"uv": [9, 14, 15, 15], "texture": "#default"},
				"down": {"uv": [5, 5, 11, 11], "texture": "#default"}
			}
		},
		{
			"from": [8, 2, 6],
			"to": [14, 4, 12],
			"rotation": {"angle": 0, "axis": "y", "origin": [8, 0, 8]},
			"faces": {
				"north": {"uv": [1, 12, 7, 14], "texture": "#pink"},
				"east": {"uv": [9, 12, 15, 14], "texture": "#pink"},
				"south": {"uv": [1, 12, 7, 14], "texture": "#pink"},
				"west": {"uv": [9, 12, 15, 14], "texture": "#pink"}
			}
		},
		{
			"from": [8, 4, 6],
			"to": [14, 5, 12],
			"rotation": {"angle": 0, "axis": "y", "origin": [8, 0, 8]},
			"faces": {
				"north": {"uv": [1, 11, 7, 12], "texture": "#default"},
				"east": {"uv": [9, 11, 15, 12], "texture": "#default"},
				"south": {"uv": [1, 11, 7, 12], "texture": "#default"},
				"west": {"uv": [9, 11, 15, 12], "texture": "#default"},
				"up": {"uv": [5, 5, 11, 11], "texture": "#default"}
			}
		},
		{
			"from": [8, 7, 6],
			"to": [9, 8, 12],
			"rotation": {"angle": 0, "axis": "y", "origin": [8, 0, 8]},
			"faces": {
				"north": {"uv": [6, 8, 8, 9], "texture": "#default"},
				"east": {"uv": [9, 8, 15, 9], "texture": "#default"},
				"south": {"uv": [0, 8, 2, 9], "texture": "#default"},
				"west": {"uv": [9, 8, 15, 9], "texture": "#default"},
				"up": {"uv": [5, 5, 6, 11], "texture": "#default"},
				"down": {"uv": [5, 5, 6, 11], "texture": "#default"}
			}
		},
		{
			"from": [13, 7, 6],
			"to": [14, 8, 12],
			"rotation": {"angle": 0, "axis": "y", "origin": [8, 0, 8]},
			"faces": {
				"north": {"uv": [0, 8, 2, 9], "texture": "#default"},
				"east": {"uv": [9, 8, 15, 9], "texture": "#default"},
				"south": {"uv": [6, 8, 8, 9], "texture": "#default"},
				"west": {"uv": [9, 8, 15, 9], "texture": "#default"},
				"up": {"uv": [10, 5, 11, 11], "texture": "#default"},
				"down": {"uv": [10, 5, 11, 11], "texture": "#default"}
			}
		},
		{
			"from": [9, 7, 6],
			"to": [13, 8, 7],
			"rotation": {"angle": 0, "axis": "y", "origin": [8, 0, 8]},
			"faces": {
				"north": {"uv": [2, 8, 6, 9], "texture": "#default"},
				"south": {"uv": [2, 8, 6, 9], "texture": "#default"},
				"up": {"uv": [6, 5, 10, 6], "texture": "#default"},
				"down": {"uv": [6, 10, 10, 11], "texture": "#default"}
			}
		},
		{
			"from": [9, 7, 11],
			"to": [13, 8, 12],
			"rotation": {"angle": 0, "axis": "y", "origin": [8, 0, 8]},
			"faces": {
				"north": {"uv": [2, 8, 6, 9], "texture": "#default"},
				"south": {"uv": [2, 8, 6, 9], "texture": "#default"},
				"up": {"uv": [6, 10, 10, 11], "texture": "#default"},
				"down": {"uv": [6, 5, 10, 6], "texture": "#default"}
			}
		}
	]
}