{
	"ambientocclusion": false,
	"textures": {
		"particle": "block/terracotta",
		"default": "block/terracotta",
		"orange": "block/orange_terracotta",
		"black": "block/black_terracotta"
	},
	"elements": [
		{
			"from": [2, 0, 5],
			"to": [10, 10, 13],
			"rotation": {"angle": 0, "axis": "y", "origin": [8, 0, 8]},
			"faces": {
				"north": {"uv": [0, 6, 8, 16], "texture": "#default"},
				"east": {"uv": [8, 6, 16, 16], "texture": "#default"},
				"south": {"uv": [0, 6, 8, 16], "texture": "#default"},
				"west": {"uv": [8, 6, 16, 16], "texture": "#default"},
				"up": {"uv": [4, 4, 12, 12], "texture": "#default"},
				"down": {"uv": [4, 4, 12, 12], "texture": "#default"}
			}
		},
		{
			"from": [0, 1, 3],
			"to": [12, 4, 15],
			"rotation": {"angle": 0, "axis": "y", "origin": [8, 0, 8]},
			"faces": {
				"north": {"uv": [0, 12, 10, 15], "texture": "#orange"},
				"east": {"uv": [6, 12, 16, 15], "texture": "#orange"},
				"south": {"uv": [0, 12, 10, 15], "texture": "#orange"},
				"west": {"uv": [6, 12, 16, 15], "texture": "#orange"},
				"down": {"uv": [3, 7, 13, 13], "texture": "#default"}
			}
		},
		{
			"from": [0, 4, 3],
			"to": [12, 8, 15],
			"rotation": {"angle": 0, "axis": "y", "origin": [8, 0, 8]},
			"faces": {
				"north": {"uv": [0, 8, 10, 12], "texture": "#default"},
				"east": {"uv": [6, 8, 16, 12], "texture": "#default"},
				"south": {"uv": [0, 8, 10, 12], "texture": "#default"},
				"west": {"uv": [6, 8, 16, 12], "texture": "#default"},
				"up": {"uv": [3, 3, 13, 13], "texture": "#default"}
			}
		},
		{
			"from": [3, 10, 6],
			"to": [9, 12, 12],
			"rotation": {"angle": 0, "axis": "y", "origin": [8, 0, 8]},
			"faces": {
				"north": {"uv": [1, 4, 7, 6], "texture": "#orange"},
				"east": {"uv": [9, 4, 15, 6], "texture": "#orange"},
				"south": {"uv": [1, 4, 7, 6], "texture": "#orange"},
				"west": {"uv": [9, 4, 15, 6], "texture": "#orange"},
				"up": {"uv": [5, 4, 11, 10], "texture": "#black"}
			}
		},
		{
			"from": [2, 12, 5],
			"to": [4, 13, 13],
			"rotation": {"angle": 0, "axis": "y", "origin": [8, 0, 8]},
			"faces": {
				"north": {"uv": [6, 3, 8, 4], "texture": "#orange"},
				"east": {"uv": [8, 3, 16, 4], "texture": "#orange"},
				"south": {"uv": [0, 3, 2, 4], "texture": "#orange"},
				"west": {"uv": [8, 3, 16, 4], "texture": "#orange"},
				"up": {"uv": [4, 4, 6, 12], "texture": "#orange"},
				"down": {"uv": [4, 4, 6, 12], "texture": "#orange"}
			}
		},
		{
			"from": [8, 12, 5],
			"to": [10, 13, 13],
			"rotation": {"angle": 0, "axis": "y", "origin": [8, 0, 8]},
			"faces": {
				"north": {"uv": [0, 3, 2, 4], "texture": "#orange"},
				"east": {"uv": [8, 3, 16, 4], "texture": "#orange"},
				"south": {"uv": [6, 3, 8, 4], "texture": "#orange"},
				"west": {"uv": [8, 3, 16, 4], "texture": "#orange"},
				"up": {"uv": [10, 4, 12, 12], "texture": "#orange"},
				"down": {"uv": [10, 4, 12, 12], "texture": "#orange"}
			}
		},
		{
			"from": [4, 12, 5],
			"to": [8, 13, 7],
			"rotation": {"angle": 0, "axis": "y", "origin": [8, 0, 8]},
			"faces": {
				"north": {"uv": [2, 3, 6, 4], "texture": "#orange"},
				"south": {"uv": [2, 3, 6, 4], "texture": "#orange"},
				"up": {"uv": [6, 4, 10, 6], "texture": "#orange"},
				"down": {"uv": [6, 10, 10, 12], "texture": "#orange"}
			}
		},
		{
			"from": [4, 12, 11],
			"to": [8, 13, 13],
			"rotation": {"angle": 0, "axis": "y", "origin": [8, 0, 8]},
			"faces": {
				"north": {"uv": [2, 3, 6, 4], "texture": "#orange"},
				"south": {"uv": [2, 3, 6, 4], "texture": "#orange"},
				"up": {"uv": [6, 10, 10, 12], "texture": "#orange"},
				"down": {"uv": [6, 4, 10, 6], "texture": "#orange"}
			}
		}
	]
}