{
	"ambientocclusion": false,
	"textures": {
		"particle": "block/brewing_stand",
		"brew": "block/brewing_stand",
		"plank": "block/dark_oak_planks"
	},
	"elements": [
		{
			"from": [7, 1.5, 2.5],
			"to": [7, 8.5, 7.5],
			"shade": false,
			"rotation": {"angle": 22.5, "axis": "y", "origin": [7, 2, 5]},
			"faces": {
				"north": {"uv": [0, 0, 0, 0], "texture": "#brew"},
				"east": {"uv": [5, 7, 0, 14], "texture": "#brew"},
				"south": {"uv": [0, 0, 0, 0], "texture": "#brew"},
				"west": {"uv": [0, 7, 5, 14], "texture": "#brew"},
				"up": {"uv": [0, 0, 0, 0], "texture": "#brew"},
				"down": {"uv": [0, 0, 0, 0], "texture": "#brew"}
			}
		},
		{
			"from": [4.5, 1.5, 5],
			"to": [9.5, 8.5, 5],
			"shade": false,
			"rotation": {"angle": 22.5, "axis": "y", "origin": [7, 2, 5]},
			"faces": {
				"north": {"uv": [5, 7, 0, 14], "texture": "#brew"},
				"east": {"uv": [0, 0, 0, 0], "texture": "#brew"},
				"south": {"uv": [0, 7, 5, 14], "texture": "#brew"},
				"west": {"uv": [0, 0, 0, 0], "texture": "#brew"},
				"up": {"uv": [0, 0, 0, 0], "rotation": 270, "texture": "#brew"},
				"down": {"uv": [0, 0, 0, 0], "rotation": 90, "texture": "#brew"}
			}
		},
		{
			"from": [5.5, 2, 3.5],
			"to": [8.5, 5.5, 6.5],
			"shade": false,
			"rotation": {"angle": 22.5, "axis": "y", "origin": [7, 2, 5]},
			"faces": {
				"north": {"uv": [4, 10, 1, 13.5], "texture": "#brew"},
				"east": {"uv": [4, 10, 1, 13.5], "texture": "#brew"},
				"south": {"uv": [1, 10, 4, 13.5], "texture": "#brew"},
				"west": {"uv": [1, 10, 4, 13.5], "texture": "#brew"},
				"up": {"uv": [1.5, 10, 3.5, 12], "rotation": 270, "texture": "#brew"}
			}
		},
		{
			"from": [6.25, 5.5, 4.25],
			"to": [7.75, 8.5, 5.75],
			"shade": false,
			"rotation": {"angle": 22.5, "axis": "y", "origin": [7, 2, 5]},
			"faces": {
				"north": {"uv": [3.25, 7, 1.75, 10], "texture": "#brew"},
				"east": {"uv": [3.25, 7, 1.75, 10], "texture": "#brew"},
				"south": {"uv": [1.75, 7, 3.25, 10], "texture": "#brew"},
				"west": {"uv": [1.75, 7, 3.25, 10], "texture": "#brew"},
				"up": {"uv": [11, 5, 12.5, 6.5], "rotation": 270, "texture": "#plank"}
			}
		},
		{
			"from": [3, -0.5, 6.5],
			"to": [3, 6.5, 11.5],
			"shade": false,
			"rotation": {"angle": 45, "axis": "y", "origin": [3, 0, 9]},
			"faces": {
				"north": {"uv": [0, 0, 0, 0], "texture": "#brew"},
				"east": {"uv": [0, 7, 5, 14], "texture": "#brew"},
				"south": {"uv": [0, 0, 0, 0], "texture": "#brew"},
				"west": {"uv": [5, 7, 0, 14], "texture": "#brew"},
				"up": {"uv": [0, 0, 0, 0], "rotation": 180, "texture": "#brew"},
				"down": {"uv": [0, 0, 0, 0], "rotation": 180, "texture": "#brew"}
			}
		},
		{
			"from": [0.5, -0.5, 9],
			"to": [5.5, 6.5, 9],
			"shade": false,
			"rotation": {"angle": 45, "axis": "y", "origin": [3, 0, 9]},
			"faces": {
				"north": {"uv": [0, 7, 5, 14], "texture": "#brew"},
				"east": {"uv": [0, 0, 0, 0], "texture": "#brew"},
				"south": {"uv": [5, 7, 0, 14], "texture": "#brew"},
				"west": {"uv": [0, 0, 0, 0], "texture": "#brew"},
				"up": {"uv": [0, 0, 0, 0], "rotation": 90, "texture": "#brew"},
				"down": {"uv": [0, 0, 0, 0], "rotation": 270, "texture": "#brew"}
			}
		},
		{
			"from": [1.5, 0, 7.5],
			"to": [4.5, 3.5, 10.5],
			"shade": false,
			"rotation": {"angle": 45, "axis": "y", "origin": [3, 0, 9]},
			"faces": {
				"north": {"uv": [1, 10, 4, 13.5], "texture": "#brew"},
				"east": {"uv": [1, 10, 4, 13.5], "texture": "#brew"},
				"south": {"uv": [4, 10, 1, 13.5], "texture": "#brew"},
				"west": {"uv": [4, 10, 1, 13.5], "texture": "#brew"},
				"up": {"uv": [1.5, 10, 3.5, 12], "rotation": 90, "texture": "#brew"},
				"down": {"uv": [1.5, 10, 3.5, 12], "rotation": 90, "texture": "#brew", "cullface": "down"}
			}
		},
		{
			"from": [2.25, 3.5, 8.25],
			"to": [3.75, 6.5, 9.75],
			"shade": false,
			"rotation": {"angle": 45, "axis": "y", "origin": [3, 0, 9]},
			"faces": {
				"north": {"uv": [1.75, 7, 3.25, 10], "texture": "#brew"},
				"east": {"uv": [1.75, 7, 3.25, 10], "texture": "#brew"},
				"south": {"uv": [3.25, 7, 1.75, 10], "texture": "#brew"},
				"west": {"uv": [3.25, 7, 1.75, 10], "texture": "#brew"},
				"up": {"uv": [11, 5, 12.5, 6.5], "rotation": 90, "texture": "#plank"}
			}
		},
		{
			"from": [7.5, 3, 9.5],
			"to": [14.5, 3, 14.5],
			"shade": false,
			"rotation": {"angle": -22.5, "axis": "z", "origin": [8, 3, 12]},
			"faces": {
				"north": {"uv": [0, 0, 0, 0], "rotation": 270, "texture": "#brew"},
				"east": {"uv": [0, 0, 0, 0], "rotation": 270, "texture": "#brew"},
				"south": {"uv": [0, 0, 0, 0], "rotation": 90, "texture": "#brew"},
				"west": {"uv": [0, 0, 0, 0], "rotation": 270, "texture": "#brew"},
				"up": {"uv": [5, 7, 0, 14], "rotation": 90, "texture": "#brew"},
				"down": {"uv": [0, 7, 5, 14], "rotation": 90, "texture": "#brew"}
			}
		},
		{
			"from": [7.5, 0.5, 12],
			"to": [14.5, 5.5, 12],
			"shade": false,
			"rotation": {"angle": -22.5, "axis": "z", "origin": [8, 3, 12]},
			"faces": {
				"north": {"uv": [0, 7, 5, 14], "rotation": 270, "texture": "#brew"},
				"east": {"uv": [0, 0, 0, 0], "rotation": 180, "texture": "#brew"},
				"south": {"uv": [5, 7, 0, 14], "rotation": 90, "texture": "#brew"},
				"west": {"uv": [0, 0, 0, 0], "texture": "#brew"},
				"up": {"uv": [0, 0, 0, 0], "rotation": 90, "texture": "#brew"},
				"down": {"uv": [0, 0, 0, 0], "rotation": 90, "texture": "#brew"}
			}
		},
		{
			"from": [8, 1.5, 10.5],
			"to": [11.5, 4.5, 13.5],
			"shade": false,
			"rotation": {"angle": -22.5, "axis": "z", "origin": [8, 3, 12]},
			"faces": {
				"north": {"uv": [1, 10, 4, 13.5], "rotation": 270, "texture": "#brew"},
				"east": {"uv": [1.5, 10, 3.5, 12], "rotation": 180, "texture": "#brew"},
				"south": {"uv": [4, 10, 1, 13.5], "rotation": 90, "texture": "#brew"},
				"west": {"uv": [1.5, 10, 3.5, 12], "rotation": 180, "texture": "#brew"},
				"up": {"uv": [4, 10, 1, 13.5], "rotation": 90, "texture": "#brew"},
				"down": {"uv": [1, 10, 4, 13.5], "rotation": 90, "texture": "#brew"}
			}
		},
		{
			"from": [11.5, 2.25, 11.25],
			"to": [14.5, 3.75, 12.75],
			"shade": false,
			"rotation": {"angle": -22.5, "axis": "z", "origin": [8, 3, 12]},
			"faces": {
				"north": {"uv": [1.75, 7, 3.25, 10], "rotation": 270, "texture": "#brew"},
				"east": {"uv": [11, 5, 12.5, 6.5], "rotation": 180, "texture": "#plank"},
				"south": {"uv": [3.25, 7, 1.75, 10], "rotation": 90, "texture": "#brew"},
				"up": {"uv": [3.25, 7, 1.75, 10], "rotation": 90, "texture": "#brew"},
				"down": {"uv": [1.75, 7, 3.25, 10], "rotation": 90, "texture": "#brew"}
			}
		},
		{
			"from": [4, 0, 2],
			"to": [10, 2, 8],
			"shade": false,
			"rotation": {"angle": -22.5, "axis": "y", "origin": [7, 0, 5]},
			"faces": {
				"north": {"uv": [2, 1, 8, 3], "rotation": 180, "texture": "#plank"},
				"east": {"uv": [8, 3, 10, 9], "rotation": 90, "texture": "#plank"},
				"south": {"uv": [2, 9, 8, 11], "texture": "#plank"},
				"west": {"uv": [0, 3, 2, 9], "rotation": 270, "texture": "#plank"},
				"up": {"uv": [2, 3, 8, 9], "texture": "#plank"},
				"down": {"uv": [8, 7, 14, 13], "texture": "#plank", "cullface": "down"}
			}
		}
	],
	"groups": [
		{
			"name": "group",
			"origin": [8, 8, 8],
			"color": 0,
			"shade": false,
			"children": [0, 1, 2, 3]
		},
		{
			"name": "group",
			"origin": [8, 8, 8],
			"color": 0,
			"shade": false,
			"children": [4, 5, 6, 7]
		},
		{
			"name": "group",
			"origin": [8, 8, 8],
			"color": 0,
			"shade": false,
			"children": [8, 9, 10, 11]
		},
		12
	]
}