{
	"ambientocclusion": false,
	"textures": {
		"all": "block/ice",
		"particle": "block/ice"
	},
	"elements": [
		{
			"from": [12, 10, 2],
			"to": [13, 16, 3],
			"rotation": {"angle": 0, "axis": "y", "origin": [8, 16, 8]},
			"faces": {
				"north": {"uv": [3, 0, 4, 6], "texture": "#all"},
				"east": {"uv": [13, 0, 14, 6], "texture": "#all"},
				"south": {"uv": [12, 0, 13, 6], "texture": "#all"},
				"west": {"uv": [2, 0, 3, 6], "texture": "#all"},
				"up": {"uv": [12, 2, 13, 3], "texture": "#all", "cullface": "up"},
				"down": {"uv": [12, 13, 13, 14], "texture": "#all"}
			}
		},
		{
			"from": [9, 6, 11],
			"to": [11, 16, 13],
			"rotation": {"angle": 0, "axis": "y", "origin": [8, 16, 8]},
			"faces": {
				"north": {"uv": [5, 0, 7, 10], "texture": "#all"},
				"east": {"uv": [3, 0, 5, 10], "texture": "#all"},
				"south": {"uv": [9, 0, 11, 10], "texture": "#all"},
				"west": {"uv": [11, 0, 13, 10], "texture": "#all"},
				"up": {"uv": [9, 11, 11, 13], "texture": "#all", "cullface": "up"},
				"down": {"uv": [9, 3, 11, 5], "texture": "#all"}
			}
		},
		{
			"from": [4, 2, 5],
			"to": [6, 16, 7],
			"rotation": {"angle": 0, "axis": "y", "origin": [8, 16, 8]},
			"faces": {
				"north": {"uv": [10, 0, 12, 14], "texture": "#all"},
				"east": {"uv": [9, 0, 11, 14], "texture": "#all"},
				"south": {"uv": [4, 0, 6, 14], "texture": "#all"},
				"west": {"uv": [5, 0, 7, 14], "texture": "#all"},
				"up": {"uv": [4, 5, 6, 7], "texture": "#all", "cullface": "up"},
				"down": {"uv": [4, 9, 6, 11], "texture": "#all"}
			}
		}
	]
}