{
	"ambientocclusion": false,
	"textures": {
		"all": "block/ice",
		"particle": "block/ice"
	},
	"elements": [
		{
			"from": [12, 8, 13],
			"to": [13, 16, 14],
			"rotation": {"angle": 0, "axis": "y", "origin": [8, 16, 8]},
			"faces": {
				"north": {"uv": [3, 0, 4, 8], "texture": "#all"},
				"east": {"uv": [2, 0, 3, 8], "texture": "#all"},
				"south": {"uv": [12, 0, 13, 8], "texture": "#all"},
				"west": {"uv": [13, 0, 14, 8], "texture": "#all"},
				"up": {"uv": [12, 13, 13, 14], "texture": "#all", "cullface": "up"},
				"down": {"uv": [12, 2, 13, 3], "texture": "#all"}
			}
		},
		{
			"from": [3, 6, 11],
			"to": [4, 16, 12],
			"rotation": {"angle": 0, "axis": "y", "origin": [8, 16, 8]},
			"faces": {
				"north": {"uv": [12, 0, 13, 10], "texture": "#all"},
				"east": {"uv": [4, 0, 5, 10], "texture": "#all"},
				"south": {"uv": [3, 0, 4, 10], "texture": "#all"},
				"west": {"uv": [11, 0, 12, 10], "texture": "#all"},
				"up": {"uv": [3, 11, 4, 12], "texture": "#all", "cullface": "up"},
				"down": {"uv": [3, 4, 4, 5], "texture": "#all"}
			}
		},
		{
			"from": [10, 4, 3],
			"to": [12, 16, 5],
			"rotation": {"angle": 0, "axis": "y", "origin": [8, 16, 8]},
			"faces": {
				"north": {"uv": [4, 0, 6, 12], "texture": "#all"},
				"east": {"uv": [11, 0, 13, 12], "texture": "#all"},
				"south": {"uv": [10, 0, 12, 12], "texture": "#all"},
				"west": {"uv": [3, 0, 5, 12], "texture": "#all"},
				"up": {"uv": [10, 3, 12, 5], "texture": "#all", "cullface": "up"},
				"down": {"uv": [10, 11, 12, 13], "texture": "#all"}
			}
		},
		{
			"from": [6, 0, 8],
			"to": [8, 16, 10],
			"rotation": {"angle": 0, "axis": "y", "origin": [8, 16, 8]},
			"faces": {
				"north": {"uv": [8, 0, 10, 16], "texture": "#all"},
				"east": {"uv": [6, 0, 8, 16], "texture": "#all"},
				"south": {"uv": [6, 0, 8, 16], "texture": "#all"},
				"west": {"uv": [8, 0, 10, 16], "texture": "#all"},
				"up": {"uv": [6, 8, 8, 10], "texture": "#all", "cullface": "up"},
				"down": {"uv": [6, 6, 8, 8], "texture": "#all"}
			}
		}
	]
}