{
	"ambientocclusion": false,
	"textures": {
		"particle": "#all"
	},
	"elements": [
		{
			"from": [3, -1, 8],
			"to": [9, 3, 14],
			"rotation": {"angle": 22.5, "axis": "x", "origin": [6, 1, 11]},
			"faces": {
				"north": {"uv": [0, 0, 6, 4], "texture": "#all"},
				"east": {"uv": [0, 8, 6, 12], "texture": "#all"},
				"south": {"uv": [0, 4, 6, 8], "texture": "#all"},
				"west": {"uv": [0, 12, 6, 16], "texture": "#all"},
				"up": {"uv": [10, 0, 16, 6], "texture": "#all"},
				"down": {"uv": [10, 6, 16, 12], "texture": "#all", "cullface": "down"}
			}
		},
		{
			"from": [4, 0, 4],
			"to": [10, 2, 10],
			"rotation": {"angle": 22.5, "axis": "y", "origin": [7, 1, 7]},
			"faces": {
				"north": {"uv": [10, 4, 16, 6], "texture": "#all"},
				"east": {"uv": [10, 2, 16, 4], "texture": "#all"},
				"south": {"uv": [10, 0, 16, 2], "texture": "#all"},
				"west": {"uv": [10, 6, 16, 8], "texture": "#all"},
				"up": {"uv": [0, 0, 6, 6], "texture": "#all"},
				"down": {"uv": [0, 6, 6, 12], "texture": "#all", "cullface": "down"}
			}
		},
		{
			"from": [0, -1, 7],
			"to": [4, 2, 11],
			"rotation": {"angle": 22.5, "axis": "z", "origin": [2, 0.5, 9]},
			"faces": {
				"north": {"uv": [6, 0, 10, 3], "texture": "#all"},
				"east": {"uv": [6, 9, 10, 12], "texture": "#all"},
				"south": {"uv": [6, 6, 10, 9], "texture": "#all"},
				"west": {"uv": [6, 3, 10, 6], "texture": "#all"},
				"up": {"uv": [6, 12, 10, 16], "texture": "#all"},
				"down": {"uv": [2, 0, 6, 4], "texture": "#all", "cullface": "down"}
			}
		}
	]
}