{
  "enabled": true,
  "group": {
    "break": {
      "sound_id": "sounds:block.glass.break"
    },
    "fall": {
      "sound_id": "minecraft:block.glass.fall"
    },
    "hit": {
      "sound_id": "minecraft:block.glass.hit"
    },
    "pitch": 1.0,
    "place": {
      "sound_id": "sounds:block.glass.place"
    },
    "step": {
      "sound_id": "sounds:block.glass.step"
    },
    "volume": 1.0
  },
  "keys": [
    "diagonalwindows:minecraft/black_stained_glass_pane",
    "diagonalwindows:minecraft/blue_stained_glass_pane",
    "diagonalwindows:minecraft/brown_stained_glass_pane",
    "diagonalwindows:minecraft/cyan_stained_glass_pane",
    "diagonalwindows:minecraft/glass_pane",
    "diagonalwindows:minecraft/gray_stained_glass_pane",
    "diagonalwindows:minecraft/green_stained_glass_pane",
    "diagonalwindows:minecraft/light_blue_stained_glass_pane",
    "diagonalwindows:minecraft/light_gray_stained_glass_pane",
    "diagonalwindows:minecraft/lime_stained_glass_pane",
    "diagonalwindows:minecraft/magenta_stained_glass_pane",
    "diagonalwindows:minecraft/orange_stained_glass_pane",
    "diagonalwindows:minecraft/pink_stained_glass_pane",
    "diagonalwindows:minecraft/purple_stained_glass_pane",
    "diagonalwindows:minecraft/red_stained_glass_pane",
    "diagonalwindows:minecraft/white_stained_glass_pane",
    "diagonalwindows:minecraft/yellow_stained_glass_pane"
  ]
}